id,name,rarity,type,plan,unlockPlv,upgraded,unique,sourceType,pIdolId,forceInitialHand,conditions,cost,effects,limit,growth
1,アピールの基本,N,active,free,1,FALSE,FALSE,default,,FALSE,,do:cost-=4,do:score+=9,,
2,アピールの基本+,N,active,free,1,TRUE,FALSE,default,,FALSE,,do:cost-=3,do:score+=14,,
3,ポーズの基本,N,active,free,1,FALSE,FALSE,default,,FALSE,,do:cost-=3,"do:score+=2,do:genki+=2",,
4,ポーズの基本+,N,active,free,1,TRUE,FALSE,default,,FALSE,,do:cost-=3,"do:score+=6,do:genki+=4",,
5,挑戦,N,active,sense,1,FALSE,FALSE,default,,FALSE,if:goodConditionTurns>=1,do:cost-=7,do:score+=25,1,
6,挑戦+,N,active,sense,1,TRUE,FALSE,default,,FALSE,if:goodConditionTurns>=1,do:cost-=7,do:score+=37,1,
7,試行錯誤,N,active,sense,1,FALSE,FALSE,default,,FALSE,,do:cost-=7,"do:score+=8,do:score+=8",1,
8,試行錯誤+,N,active,sense,1,TRUE,FALSE,default,,FALSE,,do:cost-=5,"do:score+=10,do:score+=10",1,
9,可愛い仕草,N,active,logic,1,FALSE,FALSE,default,,FALSE,,do:cost-=5,"do:goodImpressionTurns+=2,do:score+=goodImpressionTurns",1,
10,可愛い仕草+,N,active,logic,1,TRUE,FALSE,default,,FALSE,,do:cost-=5,"do:goodImpressionTurns+=3,do:score+=goodImpressionTurns*1.2",1,
11,気分転換,N,active,logic,1,FALSE,FALSE,default,,FALSE,,do:stamina-=5,do:score+=genki,1,
12,気分転換+,N,active,logic,1,TRUE,FALSE,default,,FALSE,,do:stamina-=3,do:score+=genki*1.1,1,
13,表現の基本,N,mental,free,1,FALSE,FALSE,default,,FALSE,,,do:genki+=4,1,
14,表現の基本+,N,mental,free,1,TRUE,FALSE,default,,FALSE,,,do:genki+=7,1,
15,振る舞いの基本,N,mental,sense,1,FALSE,FALSE,default,,FALSE,,do:cost-=1,"do:genki+=1,do:goodConditionTurns+=2",,
16,振る舞いの基本+,N,mental,sense,1,TRUE,FALSE,default,,FALSE,,do:cost-=1,"do:genki+=1,do:goodConditionTurns+=3",,
17,表情の基本,N,mental,sense,1,FALSE,FALSE,default,,FALSE,,do:cost-=1,"do:genki+=1,do:concentration+=2",,
18,表情の基本+,N,mental,sense,1,TRUE,FALSE,default,,FALSE,,do:cost-=1,"do:genki+=1,do:concentration+=3",,
19,目線の基本,N,mental,logic,1,FALSE,FALSE,default,,FALSE,,do:cost-=2,"do:genki+=1,do:goodImpressionTurns+=2",,
20,目線の基本+,N,mental,logic,1,TRUE,FALSE,default,,FALSE,,do:cost-=2,"do:genki+=2,do:goodImpressionTurns+=3",,
21,意識の基本,N,mental,logic,1,FALSE,FALSE,default,,FALSE,,do:cost-=2,"do:genki+=1,do:motivation+=2",,
22,意識の基本+,N,mental,logic,1,TRUE,FALSE,default,,FALSE,,do:cost-=2,"do:genki+=2,do:motivation+=3",,
23,眠気,T,trouble,free,1,FALSE,FALSE,produce,,FALSE,,,,1,
24,軽い足取り,R,active,sense,1,FALSE,FALSE,produce,,FALSE,,do:cost-=4,"do:score+=6,do:goodConditionTurns+=2",,
25,軽い足取り+,R,active,sense,1,TRUE,FALSE,produce,,FALSE,,do:cost-=4,"do:score+=9,do:goodConditionTurns+=3",,
26,愛嬌,R,active,sense,1,FALSE,FALSE,produce,,FALSE,,do:cost-=4,do:score+=13,,
27,愛嬌+,R,active,sense,1,TRUE,FALSE,produce,,FALSE,,do:cost-=4,do:score+=21,,
28,準備運動,R,active,sense,1,FALSE,FALSE,produce,,FALSE,,do:cost-=4,"do:score+=6,do:concentration+=2",,
29,準備運動+,R,active,sense,1,TRUE,FALSE,produce,,FALSE,,do:cost-=4,"do:score+=9,do:concentration+=3",,
30,ファンサ,R,active,sense,2,FALSE,FALSE,produce,,FALSE,,do:cost-=2,do:score+=10,,
31,ファンサ+,R,active,sense,2,TRUE,FALSE,produce,,FALSE,,do:cost-=2,do:score+=16,,
32,勢い任せ,R,active,sense,9,FALSE,FALSE,produce,,FALSE,,do:cost-=4,"do:score+=6;if:goodConditionTurns>=1,do:concentration+=3",,
33,勢い任せ+,R,active,sense,9,TRUE,FALSE,produce,,FALSE,,do:cost-=4,"do:score+=9;if:goodConditionTurns>=1,do:concentration+=4",,
34,ハイタッチ,R,active,sense,13,FALSE,FALSE,produce,,FALSE,,do:cost-=4,"do:concentrationMultiplier=1.5,do:score+=17",1,
35,ハイタッチ+,R,active,sense,13,TRUE,FALSE,produce,,FALSE,,do:cost-=4,"do:concentrationMultiplier=2,do:score+=23",1,
36,トークタイム,R,active,sense,14,FALSE,FALSE,produce,,FALSE,if:goodConditionTurns>=1,do:cost-=6,do:score+=27,1,
37,トークタイム+,R,active,sense,14,TRUE,FALSE,produce,,FALSE,if:goodConditionTurns>=1,do:cost-=6,do:score+=38,1,
38,今日もおはよう,R,active,logic,1,FALSE,FALSE,produce,,FALSE,,do:cost-=4,"do:score+=7,do:goodImpressionTurns+=3",,
39,今日もおはよう+,R,active,logic,1,TRUE,FALSE,produce,,FALSE,,do:cost-=4,"do:score+=9,do:goodImpressionTurns+=4",,
40,ゆるふわおしゃべり,R,active,logic,1,FALSE,FALSE,produce,,FALSE,,do:stamina-=4,"do:motivation+=3,do:score+=genki*0.6",1,
41,ゆるふわおしゃべり+,R,active,logic,1,TRUE,FALSE,produce,,FALSE,,do:stamina-=4,"do:motivation+=4,do:score+=genki*0.8",1,
42,もう少しだけ,R,active,logic,1,FALSE,FALSE,produce,,FALSE,,do:cost-=5,"do:score+=10,do:motivation+=3",,
43,もう少しだけ+,R,active,logic,1,TRUE,FALSE,produce,,FALSE,,do:cost-=5,"do:score+=15,do:motivation+=4",,
44,手拍子,R,active,logic,13,FALSE,FALSE,produce,,FALSE,,do:cost-=5,do:score+=goodImpressionTurns*1.5,1,
45,手拍子+,R,active,logic,13,TRUE,FALSE,produce,,FALSE,,do:cost-=5,do:score+=goodImpressionTurns*2,1,
46,元気な挨拶,R,active,logic,14,FALSE,FALSE,produce,,FALSE,,do:stamina-=4,do:score+=genki*1.1,1,
47,元気な挨拶+,R,active,logic,14,TRUE,FALSE,produce,,FALSE,,do:stamina-=3,do:score+=genki*1.2,1,
48,気合十分！,R,mental,free,16,FALSE,FALSE,produce,,FALSE,,,"do:genki+=2,do:halfCostTurns+=2",,
49,気合十分！+,R,mental,free,16,TRUE,FALSE,produce,,FALSE,,,"do:genki+=2,do:halfCostTurns+=3",,
50,ファーストステップ,R,mental,free,16,FALSE,TRUE,produce,,FALSE,,,"do:genki+=3;if:stamina>=maxStamina*0.5,do:costReduction+=1",1,
51,ファーストステップ+,R,mental,free,16,TRUE,TRUE,produce,,FALSE,,,"do:genki+=6;if:stamina>=maxStamina*0.5,do:costReduction+=1",1,
52,バランス感覚,R,mental,sense,1,FALSE,FALSE,produce,,FALSE,,do:cost-=2,do:concentration+=3,,
53,バランス感覚+,R,mental,sense,1,TRUE,FALSE,produce,,FALSE,,do:cost-=2,"do:genki+=1,do:concentration+=4",,
54,楽観的,R,mental,sense,4,FALSE,FALSE,produce,,FALSE,,do:cost-=2,"do:goodConditionTurns+=3;if:goodConditionTurns,do:concentration+=1",,
55,楽観的+,R,mental,sense,4,TRUE,FALSE,produce,,FALSE,,do:cost-=2,"do:goodConditionTurns+=4;if:goodConditionTurns,do:concentration+=1",,
56,深呼吸,R,mental,sense,19,FALSE,FALSE,produce,,FALSE,,do:cost-=3,"do:concentration+=2;if:concentration>=3,do:goodConditionTurns+=3",,
57,深呼吸+,R,mental,sense,19,TRUE,FALSE,produce,,FALSE,,do:cost-=3,"do:concentration+=3;if:concentration>=3,do:goodConditionTurns+=3",,
58,リスタート,R,mental,logic,1,FALSE,FALSE,produce,,FALSE,,do:cost-=4,"do:genki+=2,do:goodImpressionTurns+=3",,
59,リスタート+,R,mental,logic,1,TRUE,FALSE,produce,,FALSE,,do:cost-=3,"do:genki+=2,do:goodImpressionTurns+=4",,
60,えいえいおー,R,mental,logic,1,FALSE,FALSE,produce,,FALSE,,do:cost-=2,"do:genki+=1,do:motivation+=3",,
61,えいえいおー+,R,mental,logic,1,TRUE,FALSE,produce,,FALSE,,do:cost-=2,"do:genki+=2,do:motivation+=4",,
62,リズミカル,R,mental,logic,2,FALSE,FALSE,produce,,FALSE,,,do:genki+=6,1,
63,リズミカル+,R,mental,logic,2,TRUE,FALSE,produce,,FALSE,,,do:genki+=8,1,
64,思い出し笑い,R,mental,logic,4,FALSE,FALSE,produce,,FALSE,,do:cost-=2,"do:goodImpressionTurns+=3;if:goodImpressionTurns>=3,do:motivation+=2",,
65,思い出し笑い+,R,mental,logic,4,TRUE,FALSE,produce,,FALSE,,do:cost-=2,"do:goodImpressionTurns+=4;if:goodImpressionTurns>=3,do:motivation+=3",,
66,パステル気分,R,mental,logic,9,FALSE,FALSE,produce,,FALSE,,do:cost-=3,"do:genki+=5;if:motivation>=3,do:goodImpressionTurns+=3",,
67,パステル気分+,R,mental,logic,9,TRUE,FALSE,produce,,FALSE,,do:cost-=3,"do:genki+=7;if:motivation>=3,do:goodImpressionTurns+=4",,
68,励まし,R,mental,logic,19,FALSE,FALSE,produce,,FALSE,,do:cost-=4,"do:motivation+=3;if:motivation>=6,do:goodImpressionTurns+=4",,
69,励まし+,R,mental,logic,19,TRUE,FALSE,produce,,FALSE,,do:cost-=4,"do:motivation+=4;if:motivation>=6,do:goodImpressionTurns+=5",,
70,前途洋々,SR,active,free,3,FALSE,FALSE,produce,,FALSE,,do:cost-=4,"do:score+=8,do:genki+=7",,
71,前途洋々+,SR,active,free,3,TRUE,FALSE,produce,,FALSE,,do:cost-=4,"do:score+=12,do:genki+=10",,
72,決めポーズ,SR,active,sense,1,FALSE,FALSE,produce,,FALSE,,do:cost-=3,do:score+=18,1,
73,決めポーズ+,SR,active,sense,1,TRUE,FALSE,produce,,FALSE,,do:cost-=3,do:score+=27,1,
74,アドリブ,SR,active,sense,1,FALSE,FALSE,produce,,FALSE,,do:cost-=4,"do:score+=5,do:goodConditionTurns+=3",,
75,アドリブ+,SR,active,sense,1,TRUE,FALSE,produce,,FALSE,,do:cost-=4,"do:score+=9,do:goodConditionTurns+=4",,
76,情熱ターン,SR,active,sense,1,FALSE,FALSE,produce,,FALSE,,do:cost-=6,"do:score+=11,do:concentration+=3",,
77,情熱ターン+,SR,active,sense,1,TRUE,FALSE,produce,,FALSE,,do:cost-=6,"do:score+=18,do:concentration+=4",,
78,飛躍,SR,active,sense,6,FALSE,FALSE,produce,,FALSE,,do:cost-=5,"do:score+=13;if:concentration>=6,do:score+=15",1,
79,飛躍+,SR,active,sense,6,TRUE,FALSE,produce,,FALSE,,do:cost-=2,"do:score+=13;if:concentration>=6,do:score+=15",1,
80,祝福,SR,active,sense,7,FALSE,FALSE,produce,,FALSE,,do:stamina-=4,"do:score+=26,do:goodConditionTurns+=1",1,
81,祝福+,SR,active,sense,7,TRUE,FALSE,produce,,FALSE,,do:stamina-=4,"do:score+=40,do:goodConditionTurns+=1",1,
82,スタートダッシュ,SR,active,sense,22,FALSE,TRUE,produce,,FALSE,,do:cost-=5,"do:score+=30,do:genki+=10,do:doubleCostTurns+=2",,
83,スタートダッシュ+,SR,active,sense,22,TRUE,TRUE,produce,,FALSE,,do:cost-=5,"do:score+=40,do:genki+=10,do:doubleCostTurns+=2",,
84,スタンドプレー,SR,active,sense,24,FALSE,TRUE,produce,,FALSE,,do:cost-=5,"do:score+=12,do:genki+=7,do:concentration+=5,do:doubleCostTurns+=2",,
85,スタンドプレー+,SR,active,sense,24,TRUE,TRUE,produce,,FALSE,,do:cost-=5,"do:score+=12,do:genki+=7,do:concentration+=7,do:doubleCostTurns+=2",,
86,シュプレヒコール,SR,active,sense,33,FALSE,TRUE,produce,,FALSE,,do:concentration-=3,"do:score+=6,do:goodConditionTurns+=2,do:cardUsesRemaining+=1",,
87,シュプレヒコール+,SR,active,sense,33,TRUE,TRUE,produce,,FALSE,,do:concentration-=2,"do:score+=6,do:goodConditionTurns+=3,do:cardUsesRemaining+=1",,
88,ラブリーウインク,SR,active,logic,1,FALSE,FALSE,produce,,FALSE,,do:cost-=5,"do:goodImpressionTurns+=4,do:score+=goodImpressionTurns*0.6",,
89,ラブリーウインク+,SR,active,logic,1,TRUE,FALSE,produce,,FALSE,,do:cost-=5,"do:goodImpressionTurns+=5,do:score+=goodImpressionTurns*0.8",,
90,ありがとうの言葉,SR,active,logic,1,FALSE,FALSE,produce,,FALSE,,do:stamina-=3,"do:genki+=9,do:score+=genki*0.4",1,
91,ありがとうの言葉+,SR,active,logic,1,TRUE,FALSE,produce,,FALSE,,do:stamina-=3,"do:genki+=11,do:score+=genki*0.7",1,
92,ハートの合図,SR,active,logic,6,FALSE,FALSE,produce,,FALSE,,do:stamina-=3,"do:score+=genki*1.3,do:genki=genki/2",1,
93,ハートの合図+,SR,active,logic,6,TRUE,FALSE,produce,,FALSE,,do:stamina-=3,"do:score+=genki*1.8,do:genki=genki/2",1,
94,キラメキ,SR,active,logic,24,FALSE,TRUE,produce,,FALSE,,do:cost-=3,"do:genki+=5,do:score+=goodImpressionTurns*2,do:doubleCostTurns+=2",1,
95,キラメキ+,SR,active,logic,24,TRUE,TRUE,produce,,FALSE,,do:cost-=3,"do:genki+=5,do:score+=goodImpressionTurns*2.5,do:doubleCostTurns+=2",1,
96,みんな大好き,SR,active,logic,34,FALSE,TRUE,produce,,FALSE,,do:motivation-=3,"do:score+=goodImpressionTurns*0.9,do:cardUsesRemaining+=1",,
97,みんな大好き+,SR,active,logic,34,TRUE,TRUE,produce,,FALSE,,do:motivation-=2,"do:score+=goodImpressionTurns*1.2,do:cardUsesRemaining+=1",,
98,アイドル宣言,SR,mental,free,23,FALSE,TRUE,produce,,FALSE,,do:stamina-=1,"do:cardUsesRemaining+=1,do:drawCard,do:drawCard",1,
99,アイドル宣言+,SR,mental,free,23,TRUE,TRUE,produce,,FALSE,,,"do:cardUsesRemaining+=1,do:drawCard,do:drawCard,do:halfCostTurns+=1",1,
100,ハイテンション,SR,mental,free,23,FALSE,FALSE,produce,,FALSE,,,"do:genki+=11,do:nullifyGenkiTurns+=2,do:halfCostTurns+=3",1,
101,ハイテンション+,SR,mental,free,23,TRUE,FALSE,produce,,FALSE,,,"do:genki+=13,do:nullifyGenkiTurns+=2,do:halfCostTurns+=4",1,
102,眼力,SR,mental,sense,1,FALSE,FALSE,produce,,FALSE,,do:cost-=3,"do:genki+=6,do:concentration+=3",1,
103,眼力+,SR,mental,sense,1,TRUE,FALSE,produce,,FALSE,,do:cost-=3,"do:genki+=8,do:concentration+=4",1,
104,大声援,SR,mental,sense,1,FALSE,FALSE,produce,,FALSE,,do:cost-=3,"do:genki+=6,do:goodConditionTurns+=3",1,
105,大声援+,SR,mental,sense,1,TRUE,FALSE,produce,,FALSE,,do:cost-=3,"do:genki+=8,do:goodConditionTurns+=4",1,
106,演出計画,SR,mental,sense,17,FALSE,TRUE,produce,,FALSE,,do:cost-=4,"do:perfectConditionTurns+=3;at:activeCardUsed,do:fixedGenki+=2",1,
107,演出計画+,SR,mental,sense,17,TRUE,TRUE,produce,,FALSE,,do:cost-=3,"do:perfectConditionTurns+=4;at:activeCardUsed,do:fixedGenki+=2",1,
108,願いの力,SR,mental,sense,18,FALSE,TRUE,produce,,FALSE,,do:cost-=4,"do:concentration+=2;at:activeCardUsed,do:concentration+=1",1,
109,願いの力+,SR,mental,sense,18,TRUE,TRUE,produce,,FALSE,,do:cost-=3,"do:concentration+=3;at:activeCardUsed,do:concentration+=1",1,
110,静かな意志,SR,mental,sense,20,FALSE,FALSE,produce,,TRUE,,do:cost-=4,"do:concentration+=3,do:goodConditionTurns+=2",1,
111,静かな意志+,SR,mental,sense,20,TRUE,FALSE,produce,,TRUE,,do:cost-=4,"do:concentration+=4,do:goodConditionTurns+=3",1,
112,始まりの合図,SR,mental,sense,28,FALSE,FALSE,produce,,FALSE,,do:cost-=3,do:goodConditionTurns+=5,1,
113,始まりの合図+,SR,mental,sense,28,TRUE,FALSE,produce,,FALSE,,do:cost-=3,do:goodConditionTurns+=7,1,
114,意地,SR,mental,sense,29,FALSE,FALSE,produce,,FALSE,,do:cost-=2,"do:genki+=3,do:concentration+=4",1,
115,意地+,SR,mental,sense,29,TRUE,FALSE,produce,,FALSE,,do:cost-=2,"do:genki+=5,do:concentration+=5",1,
116,存在感,SR,mental,sense,31,FALSE,TRUE,produce,,FALSE,,do:goodConditionTurns-=2,"do:concentration+=4,do:cardUsesRemaining+=1",,
117,存在感+,SR,mental,sense,31,TRUE,TRUE,produce,,FALSE,,do:goodConditionTurns-=1,"do:concentration+=5,do:cardUsesRemaining+=1",,
118,成功への道筋,SR,mental,sense,36,FALSE,FALSE,produce,,FALSE,,do:goodConditionTurns-=2,"do:genki+=2,do:concentration+=7",1,
119,成功への道筋+,SR,mental,sense,36,TRUE,FALSE,produce,,FALSE,,do:goodConditionTurns-=2,"do:genki+=4,do:concentration+=9",1,
120,あふれる思い出,SR,mental,logic,1,FALSE,FALSE,produce,,FALSE,,do:cost-=3,"do:genki+=2,do:motivation+=4",,
121,あふれる思い出+,SR,mental,logic,1,TRUE,FALSE,produce,,FALSE,,do:cost-=3,"do:genki+=4,do:motivation+=5",,
122,ふれあい,SR,mental,logic,1,FALSE,FALSE,produce,,FALSE,,do:cost-=5,"do:genki+=3,do:goodImpressionTurns+=4",,
123,ふれあい+,SR,mental,logic,1,TRUE,FALSE,produce,,FALSE,,do:cost-=5,"do:genki+=6,do:goodImpressionTurns+=5",,
124,幸せな時間,SR,mental,logic,7,FALSE,FALSE,produce,,FALSE,,do:cost-=5,do:goodImpressionTurns+=6,,
125,幸せな時間+,SR,mental,logic,7,TRUE,FALSE,produce,,FALSE,,do:cost-=5,do:goodImpressionTurns+=8,,
126,ファンシーチャーム,SR,mental,logic,17,FALSE,TRUE,produce,,FALSE,,do:cost-=4,"do:goodImpressionTurns+=3;at:mentalCardUsed,do:goodImpressionTurns+=1",1,
127,ファンシーチャーム+,SR,mental,logic,17,TRUE,TRUE,produce,,FALSE,,do:cost-=4,"do:goodImpressionTurns+=5;at:mentalCardUsed,do:goodImpressionTurns+=1",1,
128,ワクワクが止まらない,SR,mental,logic,18,FALSE,TRUE,produce,,FALSE,,do:cost-=3,"do:motivation+=3;at:mentalCardUsed,do:motivation+=1",1,
129,ワクワクが止まらない+,SR,mental,logic,18,TRUE,TRUE,produce,,FALSE,,do:cost-=3,"do:motivation+=5;at:mentalCardUsed,do:motivation+=1",1,
130,本番前夜,SR,mental,logic,20,FALSE,FALSE,produce,,TRUE,,do:cost-=5,"do:goodImpressionTurns+=4,do:motivation+=3",1,
131,本番前夜+,SR,mental,logic,20,TRUE,FALSE,produce,,TRUE,,do:cost-=5,"do:goodImpressionTurns+=5,do:motivation+=4",1,
132,ひなたぼっこ,SR,mental,logic,22,FALSE,TRUE,produce,,FALSE,,,"do:genki+=11,do:motivation+=5,do:doubleCostTurns+=2",1,
133,ひなたぼっこ+,SR,mental,logic,22,TRUE,TRUE,produce,,FALSE,,,"do:genki+=11,do:motivation+=7,do:doubleCostTurns+=2",1,
134,イメトレ,SR,mental,logic,28,FALSE,FALSE,produce,,FALSE,,do:cost-=4,"do:genki+=7,do:motivation+=4",1,
135,イメトレ+,SR,mental,logic,28,TRUE,FALSE,produce,,FALSE,,do:cost-=4,"do:genki+=11,do:motivation+=5",1,
136,やる気は満点,SR,mental,logic,29,FALSE,FALSE,produce,,FALSE,,do:cost-=1,"do:genki+=1,do:goodImpressionTurns+=4",1,
137,やる気は満点+,SR,mental,logic,29,TRUE,FALSE,produce,,FALSE,,do:cost-=1,"do:genki+=2,do:goodImpressionTurns+=5",1,
138,ゆめみごこち,SR,mental,logic,32,FALSE,TRUE,produce,,FALSE,,do:goodImpressionTurns-=2,"do:motivation+=4,do:cardUsesRemaining+=1",,
139,ゆめみごこち+,SR,mental,logic,32,TRUE,TRUE,produce,,FALSE,,do:goodImpressionTurns-=1,"do:motivation+=5,do:cardUsesRemaining+=1",,
140,コール&レスポンス,SSR,active,sense,11,FALSE,TRUE,produce,,FALSE,,do:cost-=6,"do:score+=15;if:concentration>=3,do:score+=15",1,
141,コール&レスポンス+,SSR,active,sense,11,TRUE,TRUE,produce,,FALSE,,do:cost-=6,"do:score+=15;if:concentration>=3,do:concentrationMultiplier=1.5,do:score+=34",1,
142,バズワード,SSR,active,sense,12,FALSE,TRUE,produce,,FALSE,if:goodConditionTurns>=1,do:cost-=7,do:score+=38,,
143,バズワード+,SSR,active,sense,12,TRUE,TRUE,produce,,FALSE,if:goodConditionTurns>=1,do:cost-=7,do:score+=54,,
144,成就,SSR,active,sense,41,FALSE,TRUE,produce,,FALSE,,do:cost-=10,"do:goodConditionTurns+=4;at:startOfTurn,do:score+=32,limit:1",1,
145,成就+,SSR,active,sense,41,TRUE,TRUE,produce,,FALSE,,do:cost-=10,"do:goodConditionTurns+=7;at:startOfTurn,do:score+=40,limit:1",1,
146,魅惑のパフォーマンス,SSR,active,sense,43,FALSE,TRUE,produce,,FALSE,if:goodConditionTurns>=1,do:cost-=8,"do:perfectConditionTurns+=2;at:startOfTurn,do:score+=38,limit:1",1,
147,魅惑のパフォーマンス+,SSR,active,sense,43,TRUE,TRUE,produce,,FALSE,if:goodConditionTurns>=1,do:cost-=7,"do:perfectConditionTurns+=3;at:startOfTurn,do:score+=47,limit:1",1,
148,200%スマイル,SSR,active,logic,11,FALSE,TRUE,produce,,FALSE,,do:cost-=6,"do:goodImpressionTurns+=5,do:score+=goodImpressionTurns",1,
149,200%スマイル+,SSR,active,logic,11,TRUE,TRUE,produce,,FALSE,,do:cost-=6,"do:goodImpressionTurns+=6,do:score+=goodImpressionTurns*1.7",1,
150,開花,SSR,active,logic,12,FALSE,TRUE,produce,,FALSE,,do:cost-=5,"do:motivation+=6,do:score+=motivation*2",1,
151,開花+,SSR,active,logic,12,TRUE,TRUE,produce,,FALSE,,do:cost-=5,"do:motivation+=8,do:score+=motivation*3",1,
152,届いて！,SSR,active,logic,44,FALSE,TRUE,produce,,FALSE,,do:stamina-=2,"do:score+=genki*1.6,do:genki=0",1,
153,届いて！+,SSR,active,logic,44,TRUE,TRUE,produce,,FALSE,,do:stamina-=2,"do:score+=genki*2.2,do:genki=0",1,
154,テレビ出演,SSR,mental,free,5,FALSE,TRUE,produce,,FALSE,,do:cost-=1,"do:genki+=3,do:halfCostTurns+=4",1,
155,テレビ出演+,SSR,mental,free,5,TRUE,TRUE,produce,,FALSE,,do:cost-=1,"do:genki+=5,do:halfCostTurns+=5",1,
156,叶えたい夢,SSR,mental,free,10,FALSE,TRUE,produce,,FALSE,,do:stamina-=1,"do:genki+=8,do:costReduction+=1",1,
157,叶えたい夢+,SSR,mental,free,10,TRUE,TRUE,produce,,FALSE,,do:stamina-=1,"do:genki+=9,do:costReduction+=2",1,
158,アイドル魂,SSR,mental,free,35,FALSE,TRUE,produce,,TRUE,,do:cost-=2,"do:genki+=6,do:nullifyDebuff+=1,do:cardUsesRemaining+=1",1,
159,アイドル魂+,SSR,mental,free,35,TRUE,TRUE,produce,,TRUE,,do:cost-=2,"do:genki+=6,do:nullifyDebuff+=1,do:cardUsesRemaining+=1;at:startOfTurn,do:upgradeHand,limit:1",1,
160,仕切り直し,SSR,mental,free,40,FALSE,TRUE,produce,,FALSE,,do:cost-=5,"do:exchangeHand,do:halfCostTurns+=4,do:cardUsesRemaining+=1,do:drawCard,do:drawCard",1,
161,仕切り直し+,SSR,mental,free,40,TRUE,TRUE,produce,,FALSE,,do:cost-=2,"do:exchangeHand,do:halfCostTurns+=4,do:cardUsesRemaining+=1,do:drawCard,do:drawCard",1,
162,国民的アイドル,SSR,mental,sense,25,FALSE,TRUE,produce,,FALSE,,do:goodConditionTurns-=1,"do:doubleCardEffectCards+=1,do:cardUsesRemaining+=1",1,
163,国民的アイドル+,SSR,mental,sense,25,TRUE,TRUE,produce,,FALSE,,do:goodConditionTurns-=1,"do:genki+=8,do:doubleCardEffectCards+=1,do:cardUsesRemaining+=1",1,
164,魅惑の視線,SSR,mental,sense,30,FALSE,TRUE,produce,,FALSE,,do:concentration-=3,"do:perfectConditionTurns+=4,do:halfCostTurns+=2,do:cardUsesRemaining+=1",1,
165,魅惑の視線+,SSR,mental,sense,30,TRUE,TRUE,produce,,FALSE,,do:concentration-=3,"do:perfectConditionTurns+=5,do:halfCostTurns+=5,do:cardUsesRemaining+=1",1,
166,鳴り止まない拍手,SSR,mental,sense,38,FALSE,TRUE,produce,,FALSE,,do:cost-=5,"do:concentration+=4,do:goodConditionTurns+=2,do:halfCostTurns+=2",1,
167,鳴り止まない拍手+,SSR,mental,sense,38,TRUE,TRUE,produce,,FALSE,,do:cost-=5,"do:concentration+=5,do:goodConditionTurns+=3,do:halfCostTurns+=3",1,
168,天真爛漫,SSR,mental,sense,45,FALSE,TRUE,produce,,FALSE,,do:cost-=6,"do:concentration+=1;at:endOfTurn,if:concentration>=3,do:concentration+=2",1,
169,天真爛漫+,SSR,mental,sense,45,TRUE,TRUE,produce,,FALSE,,do:cost-=3,"do:concentration+=1;at:endOfTurn,if:concentration>=3,do:concentration+=2",1,
170,私がスター,SSR,mental,logic,25,FALSE,TRUE,produce,,FALSE,,do:goodImpressionTurns-=2,"do:turnsRemaining+=1,do:cardUsesRemaining+=1",1,
171,私がスター+,SSR,mental,logic,25,TRUE,TRUE,produce,,FALSE,,do:goodImpressionTurns-=1,"do:turnsRemaining+=1,do:cardUsesRemaining+=1,do:drawCard",1,
172,星屑センセーション,SSR,mental,logic,30,FALSE,TRUE,produce,,FALSE,,do:motivation-=3,"do:goodImpressionTurns+=5,do:cardUsesRemaining+=1",1,
173,星屑センセーション+,SSR,mental,logic,30,TRUE,TRUE,produce,,FALSE,,do:motivation-=3,"do:goodImpressionTurns+=7,do:cardUsesRemaining+=1,do:drawCard",1,
174,ノートの端の決意,SSR,mental,logic,37,FALSE,TRUE,produce,,FALSE,,do:cost-=4,"do:goodImpressionTurns+=3,do:motivation+=3,do:halfCostTurns+=3",1,
175,ノートの端の決意+,SSR,mental,logic,37,TRUE,TRUE,produce,,FALSE,,do:cost-=4,"do:goodImpressionTurns+=5,do:motivation+=3,do:halfCostTurns+=3",1,
176,手書きのメッセージ,SSR,mental,logic,39,FALSE,TRUE,produce,,FALSE,,do:goodImpressionTurns-=2,"do:genki+=9,do:genki+=9",1,
177,手書きのメッセージ+,SSR,mental,logic,39,TRUE,TRUE,produce,,FALSE,,do:goodImpressionTurns-=1,"do:genki+=10,do:genki+=10",1,
178,トキメキ,SSR,mental,logic,42,FALSE,TRUE,produce,,FALSE,,do:cost-=10,"do:goodImpressionTurns+=8,do:motivation+=5",1,
179,トキメキ+,SSR,mental,logic,42,TRUE,TRUE,produce,,FALSE,,do:cost-=9,"do:goodImpressionTurns+=10,do:motivation+=6",1,
180,虹色ドリーマー,SSR,mental,logic,45,FALSE,TRUE,produce,,FALSE,,do:cost-=9,"do:goodImpressionTurns+=1;at:endOfTurn,if:goodImpressionTurns>=3,do:goodImpressionTurns+=3",1,
181,虹色ドリーマー+,SSR,mental,logic,45,TRUE,TRUE,produce,,FALSE,,do:cost-=9,"do:goodImpressionTurns+=4;at:endOfTurn,if:goodImpressionTurns>=3,do:goodImpressionTurns+=3",1,
182,新進気鋭,R,active,sense,1,FALSE,TRUE,pIdol,1,FALSE,,do:cost-=5,do:score+=17,1,
183,新進気鋭+,R,active,sense,1,TRUE,TRUE,pIdol,1,FALSE,,do:cost-=5,do:score+=25,1,
184,意地っ張り,R,active,sense,1,FALSE,TRUE,pIdol,2,FALSE,,do:cost-=6,"do:score+=7,do:concentration+=3",1,
185,意地っ張り+,R,active,sense,1,TRUE,TRUE,pIdol,2,FALSE,,do:cost-=6,"do:score+=7,do:concentration+=5",1,
186,アルバイター,R,active,logic,1,FALSE,TRUE,pIdol,3,FALSE,,do:cost-=6,"do:score+=2,do:goodImpressionTurns+=5",1,
187,アルバイター+,R,active,logic,1,TRUE,TRUE,pIdol,3,FALSE,,do:cost-=6,"do:score+=6,do:goodImpressionTurns+=6",1,
188,リトル・プリンス,R,active,sense,1,FALSE,TRUE,pIdol,4,FALSE,,do:cost-=3,"do:score+=8;if:goodConditionTurns>=1,do:score+=3",1,
189,リトル・プリンス+,R,active,sense,1,TRUE,TRUE,pIdol,4,FALSE,,do:cost-=3,"do:score+=13;if:goodConditionTurns>=1,do:score+=5",1,
190,内気系少女,R,mental,logic,1,FALSE,TRUE,pIdol,5,FALSE,,do:cost-=3,"do:goodImpressionTurns+=1;at:endOfTurn,do:goodImpressionTurns+=1",1,
191,内気系少女+,R,mental,logic,1,TRUE,TRUE,pIdol,5,FALSE,,do:cost-=2,"do:goodImpressionTurns+=2;at:endOfTurn,do:goodImpressionTurns+=1",1,
192,元気いっぱい,R,active,logic,1,FALSE,TRUE,pIdol,6,FALSE,,do:stamina-=4,"do:genki+=2,do:score+=genki*0.5,do:motivation+=2",1,
193,元気いっぱい+,R,active,logic,1,TRUE,TRUE,pIdol,6,FALSE,,do:stamina-=4,"do:genki+=2,do:score+=genki*0.7,do:motivation+=3",1,
194,フレンドリー,R,active,sense,1,FALSE,TRUE,pIdol,7,FALSE,,do:cost-=6,"do:score+=10;if:concentration>=6,do:score+=10",1,
195,フレンドリー+,R,active,sense,1,TRUE,TRUE,pIdol,7,FALSE,,do:cost-=6,"do:score+=12,do:score+=12",1,
196,超高学歴アイドル,R,mental,logic,1,FALSE,TRUE,pIdol,8,FALSE,,,"do:genki+=2;if:motivation>=6,do:genki+=3",1,
197,超高学歴アイドル+,R,mental,logic,1,TRUE,TRUE,pIdol,8,FALSE,,,"do:genki+=4;if:motivation>=6,do:genki+=5",1,
198,包容力,R,active,sense,1,FALSE,TRUE,pIdol,9,FALSE,,,"do:score+=2,do:genki+=1,do:cost+=2",1,
199,包容力+,R,active,sense,1,TRUE,TRUE,pIdol,9,FALSE,,,"do:score+=3,do:genki+=4,do:cost+=2",1,
200,一番は譲らない,SR,active,sense,1,FALSE,TRUE,pIdol,10,FALSE,,do:cost-=6,"do:score+=18,do:goodConditionTurns+=3",1,
201,一番は譲らない+,SR,active,sense,1,TRUE,TRUE,pIdol,10,FALSE,,do:cost-=6,"do:score+=26,do:goodConditionTurns+=4",1,
202,ローン・ウルフ,SR,active,sense,1,FALSE,TRUE,pIdol,11,FALSE,,do:cost-=5,"do:score+=12;if:concentration>=3,do:score+=12",1,
203,ローン・ウルフ+,SR,active,sense,1,TRUE,TRUE,pIdol,11,FALSE,,do:cost-=2,"do:score+=12;if:concentration>=3,do:score+=12",1,
204,Colorful Cute!,SR,mental,logic,1,FALSE,TRUE,pIdol,12,FALSE,,do:cost-=4,do:goodImpressionTurns+=6,1,
205,Colorful Cute!+,SR,mental,logic,1,TRUE,TRUE,pIdol,12,FALSE,,do:cost-=4,do:goodImpressionTurns+=8,1,
206,らしさ,SR,active,sense,1,FALSE,TRUE,pIdol,13,FALSE,,,"do:score+=4;if:goodConditionTurns>=1,do:concentration+=3",1,
207,らしさ+,SR,active,sense,1,TRUE,TRUE,pIdol,13,FALSE,,,"do:score+=6;if:goodConditionTurns>=1,do:concentration+=4",1,
208,純白の妖精,SR,active,logic,1,FALSE,TRUE,pIdol,14,FALSE,,do:cost-=3,"do:goodImpressionTurns+=2,do:score+=goodImpressionTurns*1.2",1,
209,純白の妖精+,SR,active,logic,1,TRUE,TRUE,pIdol,14,FALSE,,do:cost-=3,"do:goodImpressionTurns+=2,do:score+=goodImpressionTurns*1.6",1,
210,いっしょけんめい,SR,mental,logic,1,FALSE,TRUE,pIdol,15,FALSE,,do:cost-=2,"do:genki+=1,do:motivation+=5",1,
211,いっしょけんめい+,SR,mental,logic,1,TRUE,TRUE,pIdol,15,FALSE,,do:cost-=2,"do:genki+=4,do:motivation+=6",1,
212,勇気の一歩,SR,active,sense,1,FALSE,TRUE,pIdol,16,FALSE,,do:cost-=3,"do:concentrationMultiplier=2,do:score+=17",1,
213,勇気の一歩+,SR,active,sense,1,TRUE,TRUE,pIdol,16,FALSE,,do:cost-=3,"do:concentrationMultiplier=2.5,do:score+=24",1,
214,苦しいのが好き,SR,active,logic,1,FALSE,TRUE,pIdol,17,FALSE,,do:cost-=4,"do:genki+=6,do:score+=motivation*2.5",1,
215,苦しいのが好き+,SR,active,logic,1,TRUE,TRUE,pIdol,17,FALSE,,do:cost-=4,"do:genki+=7,do:score+=motivation*3.5",1,
216,寄り添う気持ち,SR,mental,sense,1,FALSE,TRUE,pIdol,18,FALSE,,do:cost-=6,"do:genki+=10,do:concentration+=4",1,
217,寄り添う気持ち+,SR,mental,sense,1,TRUE,TRUE,pIdol,18,FALSE,,do:cost-=5,"do:genki+=12,do:concentration+=5",1,
218,絶対に負けない,SSR,active,sense,1,FALSE,TRUE,pIdol,19,FALSE,,do:cost-=6,do:score+=34,1,
219,絶対に負けない+,SSR,active,sense,1,TRUE,TRUE,pIdol,19,FALSE,,do:cost-=6,do:score+=48,1,
220,それぞれの道,SSR,active,sense,1,FALSE,TRUE,pIdol,20,FALSE,,do:cost-=7,"do:score+=14,do:concentration+=5",1,
221,それぞれの道+,SSR,active,sense,1,TRUE,TRUE,pIdol,20,FALSE,,do:cost-=4,"do:score+=15,do:concentration+=5",1,
222,よそ見はダメ♪,SSR,mental,logic,1,FALSE,TRUE,pIdol,21,FALSE,,do:cost-=6,"do:genki+=2,do:goodImpressionTurns+=7",1,
223,よそ見はダメ♪+,SSR,mental,logic,1,TRUE,TRUE,pIdol,21,FALSE,,do:cost-=6,"do:genki+=4,do:goodImpressionTurns+=9",1,
224,盛装の華形,SSR,active,sense,1,FALSE,TRUE,pIdol,22,FALSE,,do:cost-=5,"do:score+=12;if:goodConditionTurns>=1,do:score+=14",1,
225,盛装の華形+,SSR,active,sense,1,TRUE,TRUE,pIdol,22,FALSE,,do:cost-=5,"do:score+=18;if:goodConditionTurns>=1,do:score+=20",1,
226,もう怖くないから,SSR,mental,logic,1,FALSE,TRUE,pIdol,23,FALSE,,do:cost-=3,"do:goodImpressionTurns+=3;at:endOfTurn,do:goodImpressionTurns+=1",1,
227,もう怖くないから+,SSR,mental,logic,1,TRUE,TRUE,pIdol,23,FALSE,,do:cost-=2,"do:goodImpressionTurns+=4;at:endOfTurn,do:goodImpressionTurns+=1",1,
228,お嬢様の晴れ舞台,SSR,active,logic,1,FALSE,TRUE,pIdol,24,FALSE,,do:stamina-=4,"do:genki+=2,do:score+=genki,do:motivation+=2",1,
229,お嬢様の晴れ舞台+,SSR,active,logic,1,TRUE,TRUE,pIdol,24,FALSE,,do:stamina-=4,"do:genki+=5,do:score+=genki*1.2,do:motivation+=3",1,
230,ワンモアステップ,SSR,active,sense,1,FALSE,TRUE,pIdol,25,FALSE,,do:cost-=4,"do:score+=7,do:score+=7;if:concentration>=6,do:score+=7",1,
231,ワンモアステップ+,SSR,active,sense,1,TRUE,TRUE,pIdol,25,FALSE,,do:cost-=3,"do:score+=9,do:score+=9;if:concentration>=6,do:score+=9",1,
232,本気の趣味,SSR,mental,logic,1,FALSE,TRUE,pIdol,26,FALSE,,,"do:genki+=5;if:motivation>=3,do:genki+=4",1,
233,本気の趣味+,SSR,mental,logic,1,TRUE,TRUE,pIdol,26,FALSE,,,"do:genki+=7;if:motivation>=3,do:genki+=7",1,
234,距離感,SSR,mental,sense,1,FALSE,TRUE,pIdol,27,FALSE,,do:cost-=4,"do:concentration+=4,do:fixedStamina+=4",1,
235,距離感+,SSR,mental,sense,1,TRUE,TRUE,pIdol,27,FALSE,,do:cost-=3,"do:concentration+=5,do:fixedStamina+=5",1,
236,お姉ちゃんだもの！,SR,active,free,1,FALSE,TRUE,support,,FALSE,if:clearRatio<=1,do:cost-=3,"do:score+=6,do:genki+=6;at:startOfTurn,do:drawCard,limit:1",1,
237,お姉ちゃんだもの！+,SR,active,free,1,TRUE,TRUE,support,,FALSE,if:clearRatio<=1,do:cost-=3,"do:score+=10,do:genki+=9;at:startOfTurn,do:drawCard,limit:1",1,
238,おアツイ視線,SR,mental,free,1,FALSE,TRUE,support,,FALSE,if:genki==0,,"do:genki+=5,do:halfCostTurns+=2;at:startOfTurn,do:drawCard,limit:1",1,
239,おアツイ視線+,SR,mental,free,1,TRUE,TRUE,support,,FALSE,if:genki==0,,"do:genki+=6,do:halfCostTurns+=3;at:startOfTurn,do:drawCard,limit:1",1,
240,ご指導ご鞭撻,SR,active,free,1,FALSE,TRUE,support,,FALSE,if:stamina>=maxStamina*0.5,do:cost-=5,"do:score+=4,do:genki+=5;at:startOfTurn,do:upgradeHand,limit:1",1,
241,ご指導ご鞭撻+,SR,active,free,1,TRUE,TRUE,support,,FALSE,if:stamina>=maxStamina*0.5,do:cost-=2,"do:score+=4,do:genki+=5;at:startOfTurn,do:upgradeHand,limit:1",1,
242,ストレッチ談義,SR,active,free,1,FALSE,TRUE,support,,FALSE,if:turnsElapsed>=2,do:cost-=3,"do:score+=3,do:halfCostTurns+=2;at:startOfTurn,do:upgradeHand,limit:1",1,
243,ストレッチ談義+,SR,active,free,1,TRUE,TRUE,support,,FALSE,if:turnsElapsed>=2,,"do:score+=3,do:halfCostTurns+=2;at:startOfTurn,do:upgradeHand,limit:1",1,
244,全力サポート,SR,mental,free,1,FALSE,TRUE,support,,FALSE,,do:cost-=2,"do:cardUsesRemaining+=1;at:startOfTurn,do:drawCard,limit:1",1,
245,全力サポート+,SR,mental,free,1,TRUE,TRUE,support,,FALSE,,,"do:cardUsesRemaining+=1;at:startOfTurn,do:drawCard,do:drawCard,limit:1",1,
246,花萌ゆ季節,SSR,mental,free,1,FALSE,TRUE,support,,FALSE,,do:cost-=4,"do:addRandomUpgradedCardToHand,do:cardUsesRemaining+=1;at:startOfTurn,do:drawCard,limit:1",1,
247,花萌ゆ季節+,SSR,mental,free,1,TRUE,TRUE,support,,FALSE,,do:cost-=1,"do:addRandomUpgradedCardToHand,do:cardUsesRemaining+=1;at:startOfTurn,do:drawCard,limit:1",1,
248,陽だまりの生徒会室,SSR,mental,free,1,FALSE,TRUE,support,,FALSE,,do:cost-=3,"do:fixedStamina+=3,do:cardUsesRemaining+=1",1,
249,陽だまりの生徒会室+,SSR,mental,free,1,TRUE,TRUE,support,,FALSE,,do:cost-=2,"do:fixedStamina+=5,do:cardUsesRemaining+=1",1,
250,心のアルバム,SSR,active,free,1,FALSE,TRUE,support,,FALSE,,,"do:score+=3,do:genki+=3;at:startOfTurn,do:drawCard,limit:2",1,
251,心のアルバム+,SSR,active,free,1,TRUE,TRUE,support,,FALSE,,,"do:score+=6,do:genki+=5;at:startOfTurn,do:drawCard,limit:2",1,
252,ティーパーティ,SSR,mental,free,1,FALSE,TRUE,support,,FALSE,,do:cost-=3,"do:cardUsesRemaining+=1,do:upgradeHand",1,
253,ティーパーティ+,SSR,mental,free,1,TRUE,TRUE,support,,FALSE,,do:cost-=1,"do:cardUsesRemaining+=1,do:drawCard,do:upgradeHand",1,
254,光のステージ,SSR,mental,free,1,FALSE,TRUE,support,,FALSE,,do:cost-=3,"do:costReduction+=1,do:cardUsesRemaining+=1",1,
255,光のステージ+,SSR,mental,free,1,TRUE,TRUE,support,,FALSE,,,"do:costReduction+=1,do:cardUsesRemaining+=1",1,
256,喧嘩するほど仲がいい,SSR,mental,sense,1,FALSE,TRUE,support,,FALSE,,do:cost-=6,"do:concentration+=3,do:goodConditionTurns+=2;at:startOfTurn,do:upgradeHand,limit:1",1,
257,喧嘩するほど仲がいい+,SSR,mental,sense,1,TRUE,TRUE,support,,FALSE,,do:cost-=6,"do:concentration+=4,do:goodConditionTurns+=4;at:startOfTurn,do:upgradeHand,limit:1",1,
258,ダメダメクッキング,SSR,mental,logic,1,FALSE,TRUE,support,,FALSE,,do:cost-=7,"do:goodImpressionTurns+=4,do:motivation+=3;at:startOfTurn,do:upgradeHand,limit:1",1,
259,ダメダメクッキング+,SSR,mental,logic,1,TRUE,TRUE,support,,FALSE,,do:cost-=6,"do:goodImpressionTurns+=5,do:motivation+=4;at:startOfTurn,do:upgradeHand,limit:1",1,
260,新生徒会爆誕！,SSR,mental,free,1,FALSE,TRUE,support,,TRUE,,do:cost-=5,"do:halfCostTurns+=2,do:cardUsesRemaining+=1",1,
261,新生徒会爆誕！+,SSR,mental,free,1,TRUE,TRUE,support,,TRUE,,do:cost-=4,"do:halfCostTurns+=4,do:cardUsesRemaining+=1",1,
262,薄れゆく壁,SSR,mental,free,1,FALSE,TRUE,support,,FALSE,,do:cost-=5,"do:genki+=3;at:startOfTurn,do:upgradeHand,limit:2",1,
263,薄れゆく壁+,SSR,mental,free,1,TRUE,TRUE,support,,FALSE,,do:cost-=2,"do:genki+=3;at:startOfTurn,do:upgradeHand,limit:2",1,
264,絡まる想い,SSR,mental,logic,1,FALSE,TRUE,pIdol,28,TRUE,,do:cost-=8,do:goodImpressionTurns+=8,1,
265,絡まる想い+,SSR,mental,logic,1,TRUE,TRUE,pIdol,28,TRUE,,do:cost-=8,do:goodImpressionTurns+=10,1,
266,なに聴いてるの？,SR,active,logic,1,FALSE,TRUE,support,,FALSE,,,"do:genki+=2,do:fixedStamina+=3",1,
267,なに聴いてるの？+,SR,active,logic,1,TRUE,TRUE,support,,FALSE,,,"do:genki+=2,do:fixedStamina+=5",1,
268,未完の大器,R,mental,logic,1,FALSE,TRUE,pIdol,29,FALSE,,do:stamina-=3,do:genki+=cardsUsed*3+2,1,
269,未完の大器+,R,mental,logic,1,TRUE,TRUE,pIdol,29,FALSE,,do:stamina-=3,do:genki+=cardsUsed*4+4,1,
270,打倒お姉ちゃん,SR,active,logic,1,FALSE,TRUE,pIdol,30,FALSE,,do:stamina-=4,"do:genki+=3,do:score+=genki",1,
271,打倒お姉ちゃん+,SR,active,logic,1,TRUE,TRUE,pIdol,30,FALSE,,do:stamina-=4,"do:genki+=3,do:score+=genki*1.4",1,
272,おっきなおにぎり,SSR,mental,logic,1,FALSE,TRUE,pIdol,31,FALSE,,do:stamina-=3,do:genki+=5*cardsUsed+2,1,
273,おっきなおにぎり+,SSR,mental,logic,1,TRUE,TRUE,pIdol,31,FALSE,,do:stamina-=3,do:genki+=8*cardsUsed+2,1,
274,キメ顔で自撮り,SR,mental,sense,1,FALSE,TRUE,support,,FALSE,,do:cost-=4,"do:goodConditionTurns+=3,do:concentration+=2;if:stamina>=maxStamina*0.5;at:startOfTurn,do:drawCard,limit:1",1,
275,キメ顔で自撮り+,SR,mental,sense,1,TRUE,TRUE,support,,FALSE,,do:cost-=4,"do:goodConditionTurns+=4,do:concentration+=3;if:stamina>=maxStamina*0.5;at:startOfTurn,do:drawCard,limit:1",1,
276,みずたまりスキップ,SSR,mental,free,1,FALSE,TRUE,support,,FALSE,,do:stamina-=1,"do:genki+=3,do:cardUsesRemaining+=1",1,
277,みずたまりスキップ+,SSR,mental,free,1,TRUE,TRUE,support,,FALSE,,do:stamina-=1,"do:genki+=8,do:cardUsesRemaining+=1",1,
278,アドレナリン全開,SSR,mental,sense,1,FALSE,TRUE,pIdol,32,FALSE,,do:cost-=4,"do:goodConditionTurns+=3,do:perfectConditionTurns+=4",1,
279,アドレナリン全開+,SSR,mental,sense,1,TRUE,TRUE,pIdol,32,FALSE,,do:cost-=4,"do:goodConditionTurns+=4,do:perfectConditionTurns+=5",1,
280,POW！,SSR,active,logic,1,FALSE,TRUE,pIdol,33,FALSE,,do:stamina-=5,do:score+=goodImpressionTurns*2.5,1,
281,POW！+,SSR,active,logic,1,TRUE,TRUE,pIdol,33,FALSE,,do:stamina-=3,do:score+=goodImpressionTurns*2.6,1,
282,お泊り猛勉強,SSR,mental,logic,1,FALSE,TRUE,support,,FALSE,,do:stamina-=1,do:goodImpressionTurns+=5,1,
283,お泊り猛勉強+,SSR,mental,logic,1,TRUE,TRUE,support,,FALSE,,do:stamina-=1,"do:goodImpressionTurns+=6;at:startOfTurn,do:drawCard,limit:1",1,
284,ひんやり一休み,SSR,active,sense,1,FALSE,TRUE,pIdol,34,FALSE,,do:cost-=8,"do:score+=9,do:score+=9,do:score+=9",1,
285,ひんやり一休み+,SSR,active,sense,1,TRUE,TRUE,pIdol,34,FALSE,,do:cost-=8,"do:score+=14,do:score+=14,do:score+=14",1,
286,昼下がりのそよ風,SSR,mental,logic,1,FALSE,TRUE,pIdol,35,FALSE,,do:stamina-=3,"do:motivation+=7;if:motivation>=6,do:motivation+=3",1,
287,昼下がりのそよ風+,SSR,mental,logic,1,TRUE,TRUE,pIdol,35,FALSE,,do:stamina-=3,"do:motivation+=8;if:motivation>=3,do:motivation+=5",1,
288,ひと呼吸,R,mental,sense,47,FALSE,TRUE,produce,,FALSE,,do:cost-=7,"do:goodConditionTurns+=3,do:concentration+=4",1,
289,ひと呼吸+,R,mental,sense,47,TRUE,TRUE,produce,,FALSE,,do:cost-=7,"do:goodConditionTurns+=4,do:concentration+=5",1,
290,幸せのおまじない,R,mental,logic,46,FALSE,FALSE,produce,,FALSE,,do:cost-=8,do:goodImpressionTurns+=7,1,
291,幸せのおまじない+,R,mental,logic,46,TRUE,FALSE,produce,,FALSE,,do:cost-=8,do:goodImpressionTurns+=9,1,
292,立ち位置チェック,SR,active,sense,51,FALSE,FALSE,produce,,FALSE,,do:concentration-=3,"do:score+=25,do:genki+=15,do:nullifyGenkiTurns+=2",1,
293,立ち位置チェック+,SR,active,sense,51,TRUE,FALSE,produce,,FALSE,,do:concentration-=3,"do:score+=40,do:genki+=15,do:nullifyGenkiTurns+=2",1,
294,スポットライト,SR,mental,sense,49,FALSE,FALSE,produce,,FALSE,,do:stamina-=3,"do:genki+=7,do:goodConditionTurns+=4",,
295,スポットライト+,SR,mental,sense,49,TRUE,FALSE,produce,,FALSE,,do:stamina-=3,"do:genki+=9,do:goodConditionTurns+=5",,
296,止められない想い,SR,mental,logic,48,FALSE,TRUE,produce,,FALSE,,do:stamina-=4,"do:motivation+=3,do:goodImpressionTurns+=3,do:cardUsesRemaining+=1",1,
297,止められない想い+,SR,mental,logic,48,TRUE,TRUE,produce,,FALSE,,do:stamina-=4,"do:motivation+=4,do:goodImpressionTurns+=5,do:cardUsesRemaining+=1",1,
298,オトメゴコロ,SR,mental,logic,52,FALSE,TRUE,produce,,FALSE,,do:motivation-=3,"do:goodImpressionTurns+=4,do:cardUsesRemaining+=1",,
299,オトメゴコロ+,SR,mental,logic,52,TRUE,TRUE,produce,,FALSE,,do:motivation-=3,"do:goodImpressionTurns+=5,do:cardUsesRemaining+=1;if:goodImpressionTurns>=10,do:goodImpressionTurns+=2",,
300,至高のエンタメ,SSR,active,sense,50,FALSE,TRUE,produce,,FALSE,,do:concentration-=3,"at:activeCardUsed,do:score+=4",1,
301,至高のエンタメ+,SSR,active,sense,50,TRUE,TRUE,produce,,FALSE,,do:concentration-=2,"at:startOfTurn,do:drawCard,limit:1;at:activeCardUsed,do:score+=5",1,
302,覚醒,SSR,active,sense,53,FALSE,TRUE,produce,,FALSE,,do:goodConditionTurns-=1,"do:score+=3,do:score+=3,do:concentration+=4",,
303,覚醒+,SSR,active,sense,53,TRUE,TRUE,produce,,FALSE,,do:goodConditionTurns-=1,"do:score+=4,do:score+=4,do:concentration+=6",,
304,輝くキミへ,SSR,active,logic,50,FALSE,TRUE,produce,,FALSE,,do:motivation-=4,"do:cardUsesRemaining+=1;at:cardUsed,do:score+=goodImpressionTurns*0.3",1,
305,輝くキミへ+,SSR,active,logic,50,TRUE,TRUE,produce,,FALSE,,do:motivation-=4,"do:cardUsesRemaining+=1;at:cardUsed,do:score+=goodImpressionTurns*0.5",1,
306,あのときの約束,SSR,active,logic,54,FALSE,TRUE,produce,,FALSE,,do:goodImpressionTurns-=4,"do:genki+=9,do:score+=genki,do:score+=motivation*1.5",1,
307,あのときの約束+,SSR,active,logic,54,TRUE,TRUE,produce,,FALSE,,do:goodImpressionTurns-=4,"do:genki+=14,do:score+=genki*1.3,do:score+=motivation*2",1,
308,入道雲と、きみ,SSR,active,sense,1,FALSE,TRUE,pIdol,36,FALSE,,do:cost-=6,"at:activeCardUsed,do:doubleCardEffectCards+=1,limit:1,ttl:1;do:goodConditionTurns+=3,do:halfCostTurns+=2",1,
309,入道雲と、きみ+,SSR,active,sense,1,TRUE,TRUE,pIdol,36,FALSE,,do:cost-=5,"at:activeCardUsed,do:doubleCardEffectCards+=1,limit:1,ttl:1;do:goodConditionTurns+=5,do:halfCostTurns+=2",1,
310,はじける水しぶき,SSR,active,sense,1,FALSE,TRUE,support,,FALSE,,do:stamina-=6,"do:score+=33,do:hajikeruMizushibukiTurnUsed=turnsElapsed;if:goodConditionTurns>=4;at:startOfTurn,if:turnsElapsed-hajikeruMizushibukiTurnUsed==2,do:fixedStamina+=4,limit:1",1,
311,はじける水しぶき+,SSR,active,sense,1,TRUE,TRUE,support,,FALSE,,do:stamina-=6,"do:score+=45,do:hajikeruMizushibukiTurnUsed=turnsElapsed;if:goodConditionTurns>=4;at:startOfTurn,if:turnsElapsed-hajikeruMizushibukiTurnUsed==2,do:fixedStamina+=6,limit:1",1,
312,バスに揺られて,SSR,active,logic,1,FALSE,TRUE,pIdol,37,FALSE,,do:cost-=2,"do:concentrationMultiplier=2.3,do:score+=5;if:stamina<=maxStamina*0.5,do:genki+=6",1,
313,バスに揺られて+,SSR,active,logic,1,TRUE,TRUE,pIdol,37,FALSE,,do:cost-=2,"do:concentrationMultiplier=2.6,do:score+=8;if:stamina<=maxStamina*0.5,do:genki+=12",1,
314,金魚すくいで勝負,SSR,active,logic,1,FALSE,TRUE,pIdol,38,FALSE,,do:stamina-=2,"do:goodImpressionTurns+=3,do:cardUsesRemaining+=1,do:drawCard",1,
315,金魚すくいで勝負+,SSR,active,logic,1,TRUE,TRUE,pIdol,38,FALSE,,do:stamina-=2,"do:cardUsesRemaining+=1,do:goodImpressionTurns+=5,do:drawCard",1,
316,はじめてのラムネ,SSR,active,sense,1,FALSE,TRUE,pIdol,39,FALSE,if:goodConditionTurns>=1,do:cost-=4,"do:score+=9,do:score+=goodConditionTurns*2",1,
317,はじめてのラムネ+,SSR,active,sense,1,TRUE,TRUE,pIdol,39,FALSE,if:goodConditionTurns>=1,do:cost-=4,"do:score+=12,do:score+=goodConditionTurns*3",1,
318,交わる感情,SSR,active,sense,1,FALSE,TRUE,support,,FALSE,,do:cost-=5,"do:concentrationMultiplier=1.5,do:score+=7,do:concentration+=4",1,
319,交わる感情+,SSR,active,sense,1,TRUE,TRUE,support,,FALSE,,do:cost-=5,"do:concentrationMultiplier=1.5,do:score+=13,do:concentration+=5",1,
320,夏の宵の線香花火,SSR,mental,logic,1,FALSE,TRUE,pIdol,40,TRUE,,do:stamina-=4,"do:goodImpressionTurns+=3,do:motivation+=2;at:afterCardUsed,if:cardEffects&genki,do:goodImpressionTurns+=1",1,
321,夏の宵の線香花火+,SSR,mental,logic,1,TRUE,TRUE,pIdol,40,TRUE,,do:stamina-=4,"do:goodImpressionTurns+=4,do:motivation+=3;at:afterCardUsed,if:cardEffects&genki,do:goodImpressionTurns+=1",1,
322,初めての未来,R,active,logic,1,FALSE,TRUE,pIdol,41,FALSE,,do:stamina-=5,do:score+=goodImpressionTurns*1.9,1,
323,初めての未来+,R,active,logic,1,TRUE,TRUE,pIdol,41,FALSE,,do:stamina-=3,do:score+=goodImpressionTurns*2,1,
324,初めての場所,R,mental,logic,1,FALSE,TRUE,pIdol,42,FALSE,,do:cost-=6,do:goodImpressionTurns+=6,1,
325,初めての場所,R,mental,logic,1,TRUE,TRUE,pIdol,42,FALSE,,do:cost-=6,do:goodImpressionTurns+=8,1,
326,初めてのご褒美,R,mental,sense,1,FALSE,TRUE,pIdol,43,FALSE,,do:cost-=4,"do:goodConditionTurns+=3,do:perfectConditionTurns+=2",1,
327,初めてのご褒美,R,mental,sense,1,TRUE,TRUE,pIdol,43,FALSE,,do:cost-=4,"do:goodConditionTurns+=4,do:perfectConditionTurns+=3",1,
328,お茶会へようこそ♪,SSR,mental,sense,1,FALSE,TRUE,pIdol,44,FALSE,,do:cost-=4,"do:genki+=3,do:perfectConditionTurns+=2,do:cardUsesRemaining+=1,do:drawCard",1,
329,お茶会へようこそ♪+,SSR,mental,sense,1,TRUE,TRUE,pIdol,44,FALSE,,do:cost-=3,"do:genki+=5,do:perfectConditionTurns+=3,do:cardUsesRemaining+=1,do:drawCard",1,
330,初めての地平,R,active,sense,1,FALSE,TRUE,pIdol,45,FALSE,,do:cost-=2,do:score+=goodConditionTurns*2,1,
331,初めての地平+,R,active,sense,1,TRUE,TRUE,pIdol,45,FALSE,,do:cost-=2,do:score+=goodConditionTurns*2.5,1,
332,初めての色,R,mental,sense,1,FALSE,TRUE,pIdol,46,FALSE,,do:cost-=2,"do:genki+=5,do:perfectConditionTurns+=2",1,
333,初めての色+,R,mental,sense,1,TRUE,TRUE,pIdol,46,FALSE,,do:cost-=2,"do:genki+=5,do:perfectConditionTurns+=3",1,
334,初めてのお相手,R,active,logic,1,FALSE,TRUE,pIdol,47,FALSE,,do:stamina-=4,"do:motivationMultiplier=1.5,do:genki+=2,do:score+=genki*0.4,do:costReduction+=1",1,
335,初めてのお相手+,R,active,logic,1,TRUE,TRUE,pIdol,47,FALSE,,do:stamina-=3,"do:motivationMultiplier=1.5,do:genki+=2,do:score+=genki*0.5,do:costReduction+=1",1,
336,さっぱりひといき,SSR,active,logic,1,FALSE,TRUE,pIdol,48,FALSE,,do:stamina-=5,"do:motivationMultiplier=2.3,do:genki+=2,do:score+=genki*0.5,do:costReduction+=1",1,
337,さっぱりひといき+,SSR,active,logic,1,TRUE,TRUE,pIdol,48,FALSE,,do:stamina-=4,"do:motivationMultiplier=2.3,do:genki+=2,do:score+=genki*0.9,do:costReduction+=1",1,
338,その本、おもしろい？,SSR,active,logic,1,FALSE,TRUE,support,,FALSE,,do:stamina-=5,"if:goodImpressionTurns>=3,do:score+=goodImpressionTurns*1.2;if:motivation>=3,do:score+=genki*0.5;do:cardUsesRemaining+=1",1,
339,その本、おもしろい？+,SSR,active,logic,1,TRUE,TRUE,support,,FALSE,,do:stamina-=4,"if:goodImpressionTurns>=3,do:score+=goodImpressionTurns*1.5;if:motivation>=3,do:score+=genki*0.7;do:cardUsesRemaining+=1",1,
340,切れた鼻緒が結んだ絆,SR,mental,sense,1,FALSE,TRUE,support,,FALSE,,do:cost-=3,"do:goodConditionTurns+=4;at:startOfTurn,do:drawCard,limit:1",1,
341,切れた鼻緒が結んだ絆+,SR,mental,sense,1,TRUE,TRUE,support,,FALSE,,do:cost-=3,"do:goodConditionTurns+=5;at:startOfTurn,do:drawCard,do:drawCard,limit:1",1,
342,こくりとひとくち,SSR,mental,sense,1,FALSE,TRUE,pIdol,49,TRUE,,do:cost-=5,"do:concentration+=3,do:cardUsesRemaining+=1",1,
343,こくりとひとくち+,SSR,mental,sense,1,TRUE,TRUE,pIdol,49,TRUE,,do:cost-=5,"do:concentration+=4,do:halfCostTurns+=1,do:cardUsesRemaining+=1",1,
344,月夜のランウェイ,SSR,active,logic,1,FALSE,TRUE,pIdol,50,FALSE,,do:cost-=6,"do:motivation+=3;at:afterCardUsed,if:cardEffects&goodImpressionTurns,do:score+=goodImpressionTurns*0.3",1,
345,月夜のランウェイ+,SSR,active,logic,1,TRUE,TRUE,pIdol,50,FALSE,,do:cost-=6,"do:motivation+=3;at:afterCardUsed,if:cardEffects&goodImpressionTurns,do:score+=goodImpressionTurns*0.5",1,
346,悪戯しちゃいますわ！,SSR,active,sense,1,FALSE,TRUE,pIdol,51,FALSE,,do:cost-=5,"do:score+=8,do:score+=8;if:concentration>=3,do:concentration+=2",1,
347,悪戯しちゃいますわ！+,SSR,active,sense,1,TRUE,TRUE,pIdol,51,FALSE,,do:cost-=5,"do:score+=10,do:score+=10;if:concentration>=3,do:concentration+=4",1,
348,悪戦苦闘ハンドメイド,SSR,mental,logic,1,FALSE,TRUE,pIdol,52,FALSE,,do:stamina-=4,"do:goodImpressionTurns+=4,do:motivation+=4;if:goodImpressionTurns>=3,do:cardUsesRemaining+=1",1,
349,悪戦苦闘ハンドメイド+,SSR,mental,logic,1,TRUE,TRUE,pIdol,52,FALSE,,do:stamina-=4,"do:goodImpressionTurns+=6,do:motivation+=5;if:goodImpressionTurns>=3,do:cardUsesRemaining+=1",1,
350,正確無比な看板づくり,SSR,mental,sense,1,FALSE,TRUE,pIdol,53,TRUE,,do:cost-=6,"do:goodConditionTurns+=3,do:nullifyDebuff+=1,do:cardUsesRemaining+=1",1,
351,正確無比な看板づくり+,SSR,mental,sense,1,TRUE,TRUE,pIdol,53,TRUE,,do:cost-=6,"do:goodConditionTurns+=5,do:nullifyDebuff+=1,do:cardUsesRemaining+=1",1,
352,気になる……,SR,mental,sense,1,FALSE,TRUE,support,,FALSE,,do:cost-=5,"do:concentration+=4;if:concentration>=3;at:startOfTurn,do:upgradeHand,limit:1",1,
353,気になる……+,SR,mental,sense,1,TRUE,TRUE,support,,FALSE,,do:cost-=4,"do:concentration+=5;if:concentration>=3;at:startOfTurn,do:upgradeHand,limit:1",1,
354,初めての結晶,R,active,logic,1,FALSE,TRUE,pIdol,54,FALSE,,do:cost-=4,"do:score+=goodImpressionTurns*0.8,do:motivation+=3",1,
355,初めての結晶+,R,active,logic,1,TRUE,TRUE,pIdol,54,FALSE,,do:cost-=4,"do:score+=goodImpressionTurns*1.2,do:motivation+=3",1,
356,初めての想い,R,mental,logic,1,FALSE,TRUE,pIdol,55,FALSE,,do:stamina-=2,"do:motivation+=4;if:motivation>=6,do:motivation+=3",1,
357,初めての想い+,R,mental,logic,1,TRUE,TRUE,pIdol,55,FALSE,,do:stamina-=2,"do:motivation+=6;if:motivation>=6,do:motivation+=3",1,
358,初めてのたのしみ,R,active,sense,1,FALSE,TRUE,pIdol,56,FALSE,,do:cost-=3,"do:concentrationMultiplier=1.5,do:score+=6;if:stamina<=maxStamina*0.5,do:genki+=4",1,
359,初めてのたのしみ+,R,active,sense,1,TRUE,TRUE,pIdol,56,FALSE,,do:cost-=3,"do:concentrationMultiplier=2,do:score+=8;if:stamina<=maxStamina*0.5,do:genki+=7",1,
360,また、明日,SSR,mental,logic,1,FALSE,TRUE,pIdol,57,FALSE,if:goodImpressionTurns>=1,do:cost-=6,"do:fixedStamina+=maxStamina*0.1,do:goodImpressionTurns+=3,do:genki+=5,do:cardUsesRemaining+=1",1,
361,また、明日+,SSR,mental,logic,1,TRUE,TRUE,pIdol,57,FALSE,if:goodImpressionTurns>=1,do:cost-=6,"do:fixedStamina+=maxStamina*0.1,do:goodImpressionTurns+=5,do:genki+=10,do:cardUsesRemaining+=1",1,
362,ちょちょいのちょい,SSR,active,sense,1,FALSE,TRUE,pIdol,58,FALSE,,do:cost-=4,"do:goodConditionTurns+=2;at:endOfTurn,do:score+=4,limit:3",1,
363,ちょちょいのちょい+,SSR,active,sense,1,TRUE,TRUE,pIdol,58,FALSE,,do:cost-=4,"do:goodConditionTurns+=2;at:endOfTurn,do:score+=4,limit:5",1,
364,ほかほか焼き芋,SSR,mental,logic,1,FALSE,TRUE,support,,FALSE,,do:cost-=4,"do:genki+=4,do:motivation+=4;if:genki>=30,do:goodImpressionTurns+=3",1,
365,ほかほか焼き芋+,SSR,mental,logic,1,TRUE,TRUE,support,,FALSE,,do:cost-=4,"do:genki+=7,do:motivation+=5;if:genki>=30,do:goodImpressionTurns+=4",1,
366,こうかい……?,SR,active,logic,1,FALSE,TRUE,support,,FALSE,,do:cost-=4,"do:goodImpressionTurns+=3,do:score+=goodImpressionTurns*0.9",1,
367,こうかい……?+,SR,active,logic,1,TRUE,TRUE,support,,FALSE,,do:cost-=4,"do:goodImpressionTurns+=4,do:score+=goodImpressionTurns",1,
368,挨拶の基本,N,active,anomaly,1,FALSE,FALSE,default,,FALSE,,do:cost-=0,do:setStance(strength),,
369,挨拶の基本+,N,active,anomaly,1,TRUE,FALSE,default,,FALSE,,do:cost-=0,"do:setStance(strength),do:genki+=4",,
370,はげしく,N,active,anomaly,1,FALSE,FALSE,default,,FALSE,,do:cost-=7,"do:setStance(strength),do:score+=15",1,
371,はげしく+,N,active,anomaly,1,TRUE,FALSE,default,,FALSE,,do:cost-=7,"do:setStance(strength),do:score+=25",1,
372,スパート,N,active,anomaly,1,FALSE,FALSE,default,,FALSE,,do:cost-=5,"do:fullPowerCharge+=1;if:isPreservation,do:holdThisCard;if:isFullPower,do:score+=25",,
373,スパート+,N,active,anomaly,1,TRUE,FALSE,default,,FALSE,,do:cost-=2,"do:fullPowerCharge+=1;if:isPreservation,do:holdThisCard;if:isFullPower,do:score+=25",,
374,メントレの基本,N,mental,anomaly,1,FALSE,FALSE,default,,FALSE,,do:cost-=3,"do:genki+=2,do:fullPowerCharge+=2",,
375,メントレの基本+,N,mental,anomaly,1,TRUE,FALSE,default,,FALSE,,do:cost-=3,"do:genki+=3,do:fullPowerCharge+=3",,
376,イメージの基本,N,mental,anomaly,1,FALSE,FALSE,default,,FALSE,,do:cost-=2,"do:setStance(preservation),do:genki+=2",,
377,イメージの基本+,N,mental,anomaly,1,TRUE,FALSE,default,,FALSE,,do:cost-=2,"do:setStance(preservation),do:genki+=6",,
378,エキサイト,R,active,sense,56,FALSE,FALSE,produce,,FALSE,,do:cost-=4,"do:score+=6,do:perfectConditionTurns+=3",1,
379,エキサイト+,R,active,sense,56,TRUE,FALSE,produce,,FALSE,,do:cost-=4,"do:score+=10,do:perfectConditionTurns+=4",1,
380,ジャストアピール,R,active,anomaly,1,FALSE,FALSE,produce,,FALSE,,do:cost-=7,"do:score+=15,do:fullPowerCharge+=2",1,
381,ジャストアピール+,R,active,anomaly,1,TRUE,FALSE,produce,,FALSE,,do:cost-=5,"do:score+=15,do:fullPowerCharge+=3",1,
382,スターライト,R,active,anomaly,1,FALSE,FALSE,produce,,FALSE,,do:cost-=6,"do:setStance(strength),do:score+=9",,
383,スターライト+,R,active,anomaly,1,TRUE,FALSE,produce,,FALSE,,do:cost-=6,"do:setStance(strength),do:score+=18",,
384,一歩,R,active,anomaly,2,FALSE,FALSE,produce,,FALSE,,do:cost-=4,do:score+=15,1,
385,一歩+,R,active,anomaly,2,TRUE,FALSE,produce,,FALSE,,do:cost-=4,do:score+=23,1,
386,ラッキー♪,R,active,anomaly,9,FALSE,FALSE,produce,,FALSE,,do:cost-=3,"do:score+=8;if:isStrength,do:fullPowerCharge+=3",1,
387,ラッキー♪+,R,active,anomaly,9,TRUE,FALSE,produce,,FALSE,,do:cost-=2,"do:score+=10;if:isStrength,do:fullPowerCharge+=4",1,
388,積み重ね,R,active,anomaly,13,FALSE,FALSE,produce,,FALSE,,do:cost-=3,"do:fullPowerCharge+=2;if:isPreservation,do:holdThisCard;if:isFullPower,do:score+=20",,
389,積み重ね+,R,active,anomaly,13,TRUE,FALSE,produce,,FALSE,,do:cost-=2,"do:fullPowerCharge+=2;if:isPreservation,do:holdThisCard;if:isFullPower,do:score+=35",,
390,精一杯,R,active,anomaly,14,FALSE,FALSE,produce,,FALSE,,do:cost-=6,"do:setStance(strength),do:score+=6,do:score+=6",1,
391,精一杯+,R,active,anomaly,14,TRUE,FALSE,produce,,FALSE,,do:cost-=4,"do:setStance(strength),do:score+=7,do:score+=7",1,
392,ハッピー♪,R,mental,anomaly,1,FALSE,FALSE,produce,,FALSE,,do:cost-=3,"do:setStance(preservation),do:genki+=7",1,
393,ハッピー♪+,R,mental,anomaly,1,TRUE,FALSE,produce,,FALSE,,do:cost-=2,"do:setStance(preservation),do:genki+=10",1,
394,嬉しい誤算,R,mental,anomaly,4,FALSE,FALSE,produce,,FALSE,,do:cost-=3,"do:genki+=5,do:fullPowerCharge+=2;if:fullPowerCharge>=1,do:setStance(preservation)",1,
395,嬉しい誤算+,R,mental,anomaly,4,TRUE,FALSE,produce,,FALSE,,do:cost-=3,"do:genki+=6,do:fullPowerCharge+=3;if:fullPowerCharge>=1,do:setStance(preservation)",1,
396,涙の思い出,R,mental,anomaly,19,FALSE,FALSE,produce,,FALSE,,do:cost-=2,"do:setStance(preservation),do:genki+=2;if:isStrength,do:fullPowerCharge+=3",1,
397,涙の思い出+,R,mental,anomaly,19,TRUE,FALSE,produce,,FALSE,,do:cost-=2,"do:setStance(preservation),do:genki+=4;if:isStrength,do:fullPowerCharge+=4",1,
398,きらきら紙吹雪,SR,active,logic,57,FALSE,TRUE,produce,,FALSE,,do:motivation-=3,"do:score+=genki*1.1;at:startOfTurn,do:drawCard,limit:1",,
399,きらきら紙吹雪+,SR,active,logic,57,TRUE,TRUE,produce,,FALSE,,do:motivation-=2,"do:score+=genki*1.1;at:startOfTurn,do:drawCard,do:drawCard,limit:1",,
400,せーのっ！,SR,active,anomaly,1,FALSE,FALSE,produce,,FALSE,,do:cost-=5,"do:setStance(strength),do:score+=12",,
401,せーのっ！+,SR,active,anomaly,1,TRUE,FALSE,produce,,FALSE,,do:cost-=5,"do:setStance(strength),do:score+=22",,
402,アッチェレランド,SR,active,anomaly,1,FALSE,FALSE,produce,,FALSE,,do:cost-=5,"do:score+=10,do:fullPowerCharge+=3",,
403,アッチェレランド+,SR,active,anomaly,1,TRUE,FALSE,produce,,FALSE,,do:cost-=4,"do:score+=12,do:fullPowerCharge+=4",,
404,はじけるパッション,SR,active,anomaly,6,FALSE,FALSE,produce,,FALSE,if:stance!=none,do:cost-=2,"do:score+=8,do:score+=8",1,
405,はじけるパッション+,SR,active,anomaly,6,TRUE,FALSE,produce,,FALSE,if:stance!=none,do:cost-=1,"do:score+=10,do:score+=10",1,
406,汗と成長,SR,active,anomaly,7,FALSE,FALSE,produce,,FALSE,if:isFullPower,do:cost-=1,do:score+=37,1,
407,汗と成長+,SR,active,anomaly,7,TRUE,FALSE,produce,,FALSE,if:isFullPower,do:cost-=1,do:score+=47,1,
408,オープニングアクト,SR,active,anomaly,29,FALSE,FALSE,produce,,FALSE,,do:cost-=5,"do:setStance(strength),do:score+=10,do:fullPowerCharge+=2",1,
409,オープニングアクト+,SR,active,anomaly,29,TRUE,FALSE,produce,,FALSE,,do:cost-=4,"do:setStance(strength),do:score+=14,do:fullPowerCharge+=3",1,
410,始まりの笑顔,SR,active,anomaly,34,FALSE,TRUE,produce,,FALSE,,do:fullPowerCharge-=2,"do:setStance(strength),do:score+=6,do:halfCostTurns+=2;at:startOfTurn,do:drawCard,limit:1",,
411,始まりの笑顔+,SR,active,anomaly,34,TRUE,TRUE,produce,,FALSE,,do:fullPowerCharge-=1,"do:setStance(strength),do:score+=8,do:halfCostTurns+=2;at:startOfTurn,do:drawCard,limit:1",,
412,理想のテンポ,SR,active,anomaly,52,FALSE,FALSE,produce,,FALSE,,do:cost-=5,"do:score+=6,do:score+=6",1,"at:stanceChanged,target:this,do:growth.score+=2"
413,理想のテンポ+,SR,active,anomaly,52,TRUE,FALSE,produce,,FALSE,,do:cost-=5,"do:score+=6,do:score+=6",1,"at:stanceChanged,target:this,do:growth.score+=4"
414,トレーニングの成果,SR,active,anomaly,58,FALSE,FALSE,produce,,FALSE,,do:cost-=5,"do:fullPowerCharge+=3,do:score+=9;at:startOfTurn,do:setStance(preservation),limit:1",1,
415,トレーニングの成果+,SR,active,anomaly,58,TRUE,FALSE,produce,,FALSE,,do:cost-=5,"do:fullPowerCharge+=4,do:score+=10;at:startOfTurn,do:setStance(preservation2),limit:1",1,
416,潜在能力,SR,mental,anomaly,1,FALSE,FALSE,produce,,FALSE,,do:cost-=6,"do:genki+=10,do:fullPowerCharge+=3,do:holdSelectedFromHand",1,
417,潜在能力+,SR,mental,anomaly,1,TRUE,FALSE,produce,,FALSE,,do:cost-=6,"do:genki+=15,do:fullPowerCharge+=4,do:holdSelectedFromHand",1,
418,カウントダウン,SR,mental,anomaly,1,FALSE,FALSE,produce,,FALSE,,do:cost-=2,"do:setStance(preservation),do:genki+=8",1,
419,カウントダウン+,SR,mental,anomaly,1,TRUE,FALSE,produce,,FALSE,,do:cost-=2,"do:setStance(preservation),do:genki+=13",1,
420,プライド,SR,mental,anomaly,20,FALSE,FALSE,produce,,TRUE,,do:cost-=4,"do:setStance(preservation),do:genki+=5,do:fullPowerCharge+=2",1,
421,プライド+,SR,mental,anomaly,20,TRUE,FALSE,produce,,TRUE,,do:cost-=4,"do:setStance(preservation),do:genki+=8,do:fullPowerCharge+=3",1,
422,忍耐力,SR,mental,anomaly,28,FALSE,FALSE,produce,,FALSE,,do:cost-=2,"do:setStance(preservation),do:genki+=5,do:fullPowerCharge+=2",1,
423,忍耐力+,SR,mental,anomaly,28,TRUE,FALSE,produce,,FALSE,,do:cost-=2,"do:setStance(preservation2),do:genki+=5,do:fullPowerCharge+=3",1,
424,切磋琢磨,SR,mental,anomaly,32,FALSE,TRUE,produce,,FALSE,,do:cost-=1,"do:fullPowerCharge+=2,do:holdSelectedFromDeckOrDiscards,do:cardUsesRemaining+=1,do:lockStanceTurns+=1",,
425,切磋琢磨+,SR,mental,anomaly,32,TRUE,TRUE,produce,,FALSE,,do:cost-=0,"do:fullPowerCharge+=3,do:holdSelectedFromDeckOrDiscards,do:cardUsesRemaining+=1,do:lockStanceTurns+=1",,
426,キセキの魔法,SSR,active,logic,59,FALSE,TRUE,produce,,FALSE,,do:stamina-=5,do:score+=goodImpressionTurns*2.5,1,
427,キセキの魔法+,SSR,active,logic,59,TRUE,TRUE,produce,,FALSE,,do:stamina-=5,do:score+=goodImpressionTurns*3.4,1,
428,翔び立て！,SSR,active,anomaly,11,FALSE,TRUE,produce,,FALSE,,do:cost-=6,"do:fullPowerCharge+=3,do:score+=10+cumulativeFullPowerCharge",1,"at:stanceChanged,if:stance==fullPower,target:this,do:growth.score+=20,limit:1"
429,翔び立て！+,SSR,active,anomaly,11,TRUE,TRUE,produce,,FALSE,,do:cost-=5,"do:fullPowerCharge+=4,do:score+=10+cumulativeFullPowerCharge*1.5",1,"at:stanceChanged,if:stance==fullPower,target:this,do:growth.score+=30,limit:1"
430,総合芸術,SSR,active,anomaly,12,FALSE,TRUE,produce,,FALSE,if:stance!=none,do:cost-=7,"do:setStance(strength),do:score+=7",,"at:stanceChanged,target:this,do:growth.score+=15,limit:4"
431,総合芸術+,SSR,active,anomaly,12,TRUE,TRUE,produce,,FALSE,if:stance!=none,do:cost-=7,"do:setStance(strength),do:score+=10",,"at:stanceChanged,target:this,do:growth.score+=20,limit:4"
432,心・技・体,SSR,active,anomaly,30,FALSE,TRUE,produce,,FALSE,,do:cost-=8,"do:setStance(strength2),do:score+=7,do:fullPowerCharge+=3,do:halfCostTurns+=2",1,
433,心・技・体+,SSR,active,anomaly,30,TRUE,TRUE,produce,,FALSE,,do:cost-=8,"do:setStance(strength2),do:score+=16,do:fullPowerCharge+=4,do:halfCostTurns+=4",1,
434,輝け！,SSR,active,anomaly,41,FALSE,TRUE,produce,,FALSE,,do:cost-=7,"do:fullPowerCharge+=3;at:startOfTurn,do:setStance(preservation),limit:1;if:isFullPower,do:score+=20,do:score+=20",1,
435,輝け！+,SSR,active,anomaly,41,TRUE,TRUE,produce,,FALSE,,do:cost-=7,"do:fullPowerCharge+=4;at:startOfTurn,do:setStance(preservation2),limit:1;if:isFullPower,do:score+=25,do:score+=25",1,
436,クライマックス,SSR,active,anomaly,43,FALSE,TRUE,produce,,FALSE,,do:cost-=10,"do:setStance(strength),do:score+=14,do:score+=14;at:startOfTurn,do:setStance(preservation),limit:1",1,
437,クライマックス+,SSR,active,anomaly,43,TRUE,TRUE,produce,,FALSE,,do:cost-=10,"do:setStance(strength2),do:score+=19,do:score+=19;at:startOfTurn,do:setStance(preservation2),limit:1",1,
438,全身全霊,SSR,active,anomaly,50,FALSE,TRUE,produce,,FALSE,,do:cost-=8,"do:setStance(strength),do:nullifyCostCards+=2,do:cardUsesRemaining+=1,do:drawCard,do:drawCard,do:drawCard",1,
439,全身全霊+,SSR,active,anomaly,50,TRUE,TRUE,produce,,FALSE,,do:cost-=8,"do:setStance(strength),do:nullifyCostCards+=2,do:cardUsesRemaining+=2,do:drawCard,do:drawCard,do:drawCard",1,
440,アイドルになります,SSR,mental,anomaly,25,FALSE,TRUE,produce,,FALSE,,do:fullPowerCharge-=3,"do:cardUsesRemaining+=1;target:hand,do:growth.scoreTimes+=1",1,
441,アイドルになります+,SSR,mental,anomaly,25,TRUE,TRUE,produce,,FALSE,,do:fullPowerCharge-=3,"do:genki+=4,do:setStance(preservation),do:cardUsesRemaining+=1;target:hand,do:growth.scoreTimes+=1",1,
442,頂点へ,SSR,mental,anomaly,45,FALSE,TRUE,produce,,FALSE,,do:cost-=9,"at:startOfTurn,if:stance!=default,target:all,do:growth.score+=4",1,
443,頂点へ+,SSR,mental,anomaly,45,TRUE,TRUE,produce,,FALSE,,do:cost-=9,"target:all,do:growth.score+=6;at:startOfTurn,if:stance!=default,target:all,do:growth.score+=4",1,
444,覚悟,SSR,mental,anomaly,54,FALSE,TRUE,produce,,FALSE,,do:stamina-=4,"do:genki+=8,do:fullPowerCharge+=5,do:holdSelectedFromDeckOrDiscards",1,
445,覚悟+,SSR,mental,anomaly,54,TRUE,TRUE,produce,,FALSE,,do:stamina-=3,"do:genki+=8,do:fullPowerCharge+=7,do:holdSelectedFromDeckOrDiscards",1,
446,学園一のアイドル,R,active,anomaly,1,FALSE,TRUE,pIdol,59,FALSE,,do:cost-=4,"do:setStance(strength),do:score+=2,do:score+=2",1,
447,学園一のアイドル+,R,active,anomaly,1,TRUE,TRUE,pIdol,59,FALSE,,do:cost-=3,"do:setStance(strength),do:score+=4,do:score+=4",1,
448,王者の御出まし,SR,mental,anomaly,1,FALSE,TRUE,pIdol,60,FALSE,,do:cost-=3,"do:fullPowerCharge+=4,do:halfCostTurns+=2",1,
449,王者の御出まし+,SR,mental,anomaly,1,TRUE,TRUE,pIdol,60,FALSE,,do:cost-=3,"do:fullPowerCharge+=5,do:halfCostTurns+=3",1,
450,一番高い星,SSR,active,anomaly,1,FALSE,TRUE,pIdol,61,FALSE,,do:cost-=6,"do:setStance(strength),do:score+=3,do:score+=3",1,"at:afterCardUsed,if:cardEffects&strength,target:this,do:growth.score+=10,do:growth.cost-=1,limit:2"
451,一番高い星+,SSR,active,anomaly,1,TRUE,TRUE,pIdol,61,FALSE,,do:cost-=6,"do:setStance(strength),do:score+=6,do:score+=6",1,"at:afterCardUsed,if:cardEffects&strength,target:this,do:growth.score+=15,do:growth.cost-=1,limit:2"
452,紅葉ランニング,SSR,mental,free,1,FALSE,TRUE,support,,FALSE,,do:cost-=1,"do:nullifyDebuff+=1,do:drawCard,do:cardUsesRemaining+=1",1,
453,紅葉ランニング+,SSR,mental,free,1,TRUE,TRUE,support,,FALSE,,do:cost-=0,"do:nullifyDebuff+=1,do:drawCard,do:drawCard,do:cardUsesRemaining+=1",1,
454,雨宿りのバス停,SSR,mental,anomaly,1,FALSE,TRUE,support,,FALSE,,do:cost-=5,"do:setStance(preservation),do:fullPowerCharge+=3;at:startOfTurn,do:upgradeHand,limit:1",1,
455,雨宿りのバス停+,SSR,mental,anomaly,1,TRUE,TRUE,support,,FALSE,,do:cost-=5,"do:setStance(preservation2),do:fullPowerCharge+=4;at:startOfTurn,do:upgradeHand,limit:1",1,
456,旬の味わい,SR,active,free,1,FALSE,TRUE,support,,FALSE,,do:cost-=5,"do:score+=4,do:score+=4;at:startOfTurn,do:upgradeHand,limit:1",1,
457,旬の味わい+,SR,active,free,1,TRUE,TRUE,support,,FALSE,,do:cost-=4,"do:score+=6,do:score+=6;at:startOfTurn,do:upgradeHand,limit:1",1,
458,メリクリで～す♪,SSR,mental,logic,1,FALSE,TRUE,pIdol,62,FALSE,,do:cost-=2,"do:goodImpressionTurns+=3;at:mentalCardUsed,do:motivation+=1",1,
459,メリクリで～す♪+,SSR,mental,logic,1,TRUE,TRUE,pIdol,62,FALSE,,do:cost-=2,"do:goodImpressionTurns+=5;at:mentalCardUsed,do:motivation+=1",1,
460,おすそわけですっ！,SSR,mental,sense,1,FALSE,TRUE,pIdol,63,FALSE,,do:cost-=7,"do:concentration+=1;at:startOfTurn,do:goodConditionTurns+=2",1,
461,おすそわけですっ！+,SSR,mental,sense,1,TRUE,TRUE,pIdol,63,FALSE,,do:cost-=6,"do:concentration+=3;at:startOfTurn,do:goodConditionTurns+=2",1,
462,光の夜,SSR,mental,sense,1,FALSE,TRUE,support,,FALSE,,do:cost-=0,"do:perfectConditionTurns+=2,do:fixedStamina+=2",1,
463,光の夜+,SSR,mental,sense,1,TRUE,TRUE,support,,FALSE,,do:cost-=0,"do:perfectConditionTurns+=3,do:fixedStamina+=4",1,
464,愛をこめて,SSR,active,logic,1,FALSE,TRUE,pIdol,64,FALSE,,do:cost-=6,"do:motivationMultiplier=1.8,do:genki+=4,do:score+=motivation*3",1,
465,愛をこめて+,SSR,active,logic,1,TRUE,TRUE,pIdol,64,FALSE,,do:cost-=6,"do:motivationMultiplier=2,do:genki+=6,do:score+=motivation*4",1,